Workbook

Sheet Advanced fromulas
A1: 1) sumifs
A2: =SUMIFS(Cleaned_Data!J:J, Cleaned_Data!G:G, "West") -> 725255.64
A5: 2)Countifs
A6: =COUNTIFS(Cleaned_Data!G:G,"West", Cleaned_Data!N:N,"Profit") -> 2875

Sheet Cleaned_Data
A1: Ship Mode | B1: Segment | C1: Country | D1: City | E1: State | F1: Postal Code | G1: Region | H1: Category | I1: Sub-Category | J1: Sales | K1: Quantity | L1: Discount | M1: Profit | N1: Profit Status | O1: Order date | P1: Manager
A2: Second Class | B2: Consumer | C2: United States | D2: Henderson | E2: Kentucky | F2: 42420 | G2: South | H2: Furniture | I2: Bookcases | J2: 261.96 | K2: 2 | L2: 0 | M2: 41.9136 | N2: =IF(M2>=0,"Profit","Loss") -> Profit | O2: {=DATE(2025,1,1) + RANDBETWEEN(0,364)} -> 45902 | P2: =VLOOKUP(G2, Region_Manager!$A$3:$B$6, 2, FALSE) -> Priya
A3: Second Class | B3: Consumer | C3: United States | D3: Henderson | E3: Kentucky | F3: 42420 | G3: South | H3: Furniture | I3: Chairs | J3: 731.94 | K3: 3 | L3: 0 | M3: 219.582 | N3: =IF(M3>=0,"Profit","Loss") -> Profit | O3: {=DATE(2025,1,1) + RANDBETWEEN(0,364)} -> 45770 | P3: =VLOOKUP(G3, Region_Manager!$A$3:$B$6, 2, FALSE) -> Priya
A4: Second Class | B4: Corporate | C4: United States | D4: Los Angeles | E4: California | F4: 90036 | G4: West | H4: Office Supplies | I4: Labels | J4: 14.62 | K4: 2 | L4: 0 | M4: 6.8714 | N4: =IF(M4>=0,"Profit","Loss") -> Profit | O4: {=DATE(2025,1,1) + RANDBETWEEN(0,364)} -> 45831 | P4: =VLOOKUP(G4, Region_Manager!$A$3:$B$6, 2, FALSE) -> Rahul
A5: Standard Class | B5: Consumer | C5: United States | D5: Fort Lauderdale | E5: Florida | F5: 33311 | G5: South | H5: Furniture | I5: Tables | J5: 957.5775 | K5: 5 | L5: 0.45 | M5: -383.031 | N5: =IF(M5>=0,"Profit","Loss") -> Loss | O5: {=DATE(2025,1,1) + RANDBETWEEN(0,364)} -> 45665 | P5: =VLOOKUP(G5, Region_Manager!$A$3:$B$6, 2, FALSE) -> Priya
A6: Standard Class | B6: Consumer | C6: United States | D6: Fort Lauderdale | E6: Florida | F6: 33311 | G6: South | H6: Office Supplies | I6: Storage | J6: 22.368 | K6: 2 | L6: 0.2 | M6: 2.5164 | N6: =IF(M6>=0,"Profit","Loss") -> Profit | O6: {=DATE(2025,1,1) + RANDBETWEEN(0,364)} -> 45768 | P6: =VLOOKUP(G6, Region_Manager!$A$3:$B$6, 2, FALSE) -> Priya
A7: Standard Class | B7: Consumer | C7: United States | D7: Los Angeles | E7: California | F7: 90032 | G7: West | H7: Furniture | I7: Furnishings | J7: 48.86 | K7: 7 | L7: 0 | M7: 14.1694 | N7: =IF(M7>=0,"Profit","Loss") -> Profit | O7: {=DATE(2025,1,1) + RANDBETWEEN(0,364)} -> 45763 | P7: =VLOOKUP(G7, Region_Manager!$A$3:$B$6, 2, FALSE) -> Rahul
A8: Standard Class | B8: Consumer | C8: United States | D8: Los Angeles | E8: California | F8: 90032 | G8: West | H8: Office Supplies | I8: Art | J8: 7.28 | K8: 4 | L8: 0 | M8: 1.9656 | N8: =IF(M8>=0,"Profit","Loss") -> Profit | O8: {=DATE(2025,1,1) + RANDBETWEEN(0,364)} -> 45981 | P8: =VLOOKUP(G8, Region_Manager!$A$3:$B$6, 2, FALSE) -> Rahul
A9: Standard Class | B9: Consumer | C9: United States | D9: Los Angeles | E9: California | F9: 90032 | G9: West | H9: Technology | I9: Phones | J9: 907.152 | K9: 6 | L9: 0.2 | M9: 90.7152 | N9: =IF(M9>=0,"Profit","Loss") -> Profit | O9: {=DATE(2025,1,1) + RANDBETWEEN(0,364)} -> 45974 | P9: =VLOOKUP(G9, Region_Manager!$A$3:$B$6, 2, FALSE) -> Rahul
A10: Standard Class | B10: Consumer | C10: United States | D10: Los Angeles | E10: California | F10: 90032 | G10: West | H10: Office Supplies | I10: Binders | J10: 18.504 | K10: 3 | L10: 0.2 | M10: 5.7825 | N10: =IF(M10>=0,"Profit","Loss") -> Profit | O10: {=DATE(2025,1,1) + RANDBETWEEN(0,364)} -> 45824 | P10: =VLOOKUP(G10, Region_Manager!$A$3:$B$6, 2, FALSE) -> Rahul
A11: Standard Class | B11: Consumer | C11: United States | D11: Los Angeles | E11: California | F11: 90032 | G11: West | H11: Office Supplies | I11: Appliances | J11: 114.9 | K11: 5 | L11: 0 | M11: 34.47 | N11: =IF(M11>=0,"Profit","Loss") -> Profit | O11: {=DATE(2025,1,1) + RANDBETWEEN(0,364)} -> 45991 | P11: =VLOOKUP(G11, Region_Manager!$A$3:$B$6, 2, FALSE) -> Rahul
A12: Standard Class | B12: Consumer | C12: United States | D12: Los Angeles | E12: California | F12: 90032 | G12: West | H12: Furniture | I12: Tables | J12: 1706.184 | K12: 9 | L12: 0.2 | M12: 85.3092 | N12: =IF(M12>=0,"Profit","Loss") -> Profit | O12: {=DATE(2025,1,1) + RANDBETWEEN(0,364)} -> 45686 | P12: =VLOOKUP(G12, Region_Manager!$A$3:$B$6, 2, FALSE) -> Rahul
A13: Standard Class | B13: Consumer | C13: United States | D13: Los Angeles | E13: California | F13: 90032 | G13: West | H13: Technology | I13: Phones | J13: 911.424 | K13: 4 | L13: 0.2 | M13: 68.3568 | N13: =IF(M13>=0,"Profit","Loss") -> Profit | O13: {=DATE(2025,1,1) + RANDBETWEEN(0,364)} -> 45950 | P13: =VLOOKUP(G13, Region_Manager!$A$3:$B$6, 2, FALSE) -> Rahul
... A9978: Second Class | B9978: Consumer | C9978: United States | D9978: Westminster | E9978: California | F9978: 92683 | G9978: West | H9978: Office Supplies | I9978: Appliances | J9978: 243.16 | K9978: 2 | L9978: 0 | M9978: 72.948 | N9978: =IF(M9978>=0,"Profit","Loss") -> Profit | O9978: {=DATE(2025,1,1) + RANDBETWEEN(0,364)} -> 45849 | P9978: =VLOOKUP(G9978, Region_Manager!$A$3:$B$6, 2, FALSE) -> Rahul

Sheet Region_Manager
A1: 3)Vlookup example
A2: A (Region) | B2: B (Manager)
A3: West | B3: Rahul
A4: East | B4: Amit
A5: South | B5: Priya
A6: Central | B6: Karan

Sheet Pivot Tables
D1: Category | E1: SUM of Sales | G1: Order date | H1: SUM of Sales | J1: Category | K1: SUM of Profit
E2: 0 | H2: 0 | K2: 0
D3: Furniture | E3: 741306.31 | G3: 45658 | H3: 3893.1028 | J3: Furniture | K3: 18421.814
D4: Office Supplies | E4: 718735.24 | G4: 45659 | H4: 3455.312 | J4: Office Supplies | K4: 122364.66
D5: Technology | E5: 836154.03 | G5: 45660 | H5: 3890.366 | J5: Technology | K5: 145454.95
D6: Grand Total | E6: 2296195.6 | G6: 45661 | H6: 3623.43 | J6: Grand Total | K6: 286241.42
G7: 45662 | H7: 8302.7424
G8: 45663 | H8: 3473.734
G9: 45664 | H9: 2620.922
G10: 45665 | H10: 3478.2365
G11: 45666 | H11: 6833.994
G12: 45667 | H12: 2781.172
G13: 45668 | H13: 11225.333
G14: 45669 | H14: 5521.488
G15: 45670 | H15: 4230.834
G16: 45671 | H16: 6662.068
G17: 45672 | H17: 6038.852
G18: 45673 | H18: 10559.5
... G367: 46022 | H367: 4963.695
G368: Grand Total | H368: 2296195.6

Sheet Dashboard

Sheet dashboards

Sheet SampleSuperstore
A1: Ship Mode | B1: Segment | C1: Country | D1: City | E1: State | F1: Postal Code | G1: Region | H1: Category | I1: Sub-Category | J1: Sales | K1: Quantity | L1: Discount | M1: Profit
A2: Second Class | B2: Consumer | C2: United States | D2: Henderson | E2: Kentucky | F2: 42420 | G2: South | H2: Furniture | I2: Bookcases | J2: 261.96 | K2: 2 | L2: 0 | M2: 41.9136
A3: Second Class | B3: Consumer | C3: United States | D3: Henderson | E3: Kentucky | F3: 42420 | G3: South | H3: Furniture | I3: Chairs | J3: 731.94 | K3: 3 | L3: 0 | M3: 219.582
A4: Second Class | B4: Corporate | C4: United States | D4: Los Angeles | E4: California | F4: 90036 | G4: West | H4: Office Supplies | I4: Labels | J4: 14.62 | K4: 2 | L4: 0 | M4: 6.8714
A5: Standard Class | B5: Consumer | C5: United States | D5: Fort Lauderdale | E5: Florida | F5: 33311 | G5: South | H5: Furniture | I5: Tables | J5: 957.5775 | K5: 5 | L5: 0.45 | M5: -383.031
A6: Standard Class | B6: Consumer | C6: United States | D6: Fort Lauderdale | E6: Florida | F6: 33311 | G6: South | H6: Office Supplies | I6: Storage | J6: 22.368 | K6: 2 | L6: 0.2 | M6: 2.5164
A7: Standard Class | B7: Consumer | C7: United States | D7: Los Angeles | E7: California | F7: 90032 | G7: West | H7: Furniture | I7: Furnishings | J7: 48.86 | K7: 7 | L7: 0 | M7: 14.1694
A8: Standard Class | B8: Consumer | C8: United States | D8: Los Angeles | E8: California | F8: 90032 | G8: West | H8: Office Supplies | I8: Art | J8: 7.28 | K8: 4 | L8: 0 | M8: 1.9656
A9: Standard Class | B9: Consumer | C9: United States | D9: Los Angeles | E9: California | F9: 90032 | G9: West | H9: Technology | I9: Phones | J9: 907.152 | K9: 6 | L9: 0.2 | M9: 90.7152
A10: Standard Class | B10: Consumer | C10: United States | D10: Los Angeles | E10: California | F10: 90032 | G10: West | H10: Office Supplies | I10: Binders | J10: 18.504 | K10: 3 | L10: 0.2 | M10: 5.7825
A11: Standard Class | B11: Consumer | C11: United States | D11: Los Angeles | E11: California | F11: 90032 | G11: West | H11: Office Supplies | I11: Appliances | J11: 114.9 | K11: 5 | L11: 0 | M11: 34.47
A12: Standard Class | B12: Consumer | C12: United States | D12: Los Angeles | E12: California | F12: 90032 | G12: West | H12: Furniture | I12: Tables | J12: 1706.184 | K12: 9 | L12: 0.2 | M12: 85.3092
A13: Standard Class | B13: Consumer | C13: United States | D13: Los Angeles | E13: California | F13: 90032 | G13: West | H13: Technology | I13: Phones | J13: 911.424 | K13: 4 | L13: 0.2 | M13: 68.3568
... A9995: Second Class | B9995: Consumer | C9995: United States | D9995: Westminster | E9995: California | F9995: 92683 | G9995: West | H9995: Office Supplies | I9995: Appliances | J9995: 243.16 | K9995: 2 | L9995: 0 | M9995: 72.948
